block,node,date,synthetic_moisture_index,battery_percent,record_status
A,A-01,2026-09-01,52,98,Received
A,A-01,2026-09-02,50,97,Received
A,A-01,2026-09-03,48,96,Received
A,A-01,2026-09-04,47,95,Received
A,A-01,2026-09-05,55,94,Received
A,A-01,2026-09-06,57,93,Received
A,A-01,2026-09-07,54,92,Received
A,A-01,2026-09-08,52,91,Received
A,A-01,2026-09-09,50,90,Received
A,A-01,2026-09-10,49,89,Received
A,A-01,2026-09-11,56,88,Received
A,A-01,2026-09-12,58,87,Received
A,A-01,2026-09-13,55,86,Received
A,A-01,2026-09-14,53,85,Received
B,B-01,2026-09-01,61,91,Received
B,B-01,2026-09-02,59,90,Received
B,B-01,2026-09-03,57,89,Received
B,B-01,2026-09-04,55,88,Received
B,B-01,2026-09-05,,87,Partial record
B,B-01,2026-09-06,62,86,Received
B,B-01,2026-09-07,60,85,Received
B,B-01,2026-09-08,58,84,Received
B,B-01,2026-09-09,56,83,Received
B,B-01,2026-09-10,54,82,Received
B,B-01,2026-09-11,52,81,Received
B,B-01,2026-09-12,59,80,Received
B,B-01,2026-09-13,57,79,Received
B,B-01,2026-09-14,55,78,Received
C,C-01,2026-09-01,43,84,Received
C,C-01,2026-09-02,42,83,Received
C,C-01,2026-09-03,40,82,Received
C,C-01,2026-09-04,46,81,Received
C,C-01,2026-09-05,48,80,Received
C,C-01,2026-09-06,45,79,Received
C,C-01,2026-09-07,43,78,Received
C,C-01,2026-09-08,41,77,Received
C,C-01,2026-09-09,44,76,Received
C,C-01,2026-09-10,,,Not received
C,C-01,2026-09-11,49,74,Received
C,C-01,2026-09-12,47,73,Received
C,C-01,2026-09-13,45,72,Received
C,C-01,2026-09-14,44,71,Received
